{
  "phase": 3,
  "section": "IV-A",
  "seed": 0,
  "n_source_points": 18,
  "A": [
    [
      0.8747473432243112,
      -0.4845792871368002
    ],
    [
      0.48457928713680015,
      0.8747473432243112
    ]
  ],
  "det_A": 1.0000000000000004,
  "centroid_shift": [
    1.6117278638712058,
    -0.2686285922104985
  ],
  "mean_residual": 0.04646295329138053,
  "reflection_fixed": false,
  "perturbation_amplitude": 0.07,
  "timestamp": "2026-05-11T11:34:43"
}